,score
user_id_impression_id_article_impression_day_hour_article_inview_num_mean_rank_reverse,0.012556337451269384
impr_article_impr_hour_article_cnt_rank,0.010375668156943463
ctr,0.0075184804320374
document_vector4,0.003090175023455488
impr_article_impr_hour_article_cnt_rank_reverse_right,0.0024578139542500432
user_article_impr_time_diff,0.002360378851395284
day_hour_article_scroll_percentage_mean,0.002191246264753921
contrastive_vector3,0.00203928532817782
impression_day_hour_article_inview_num_std,0.0019969728484462435
publish_48hour_article_inview_num_std,0.001919639152645869
impression_day_hour_device_type_article_inview_num_std,0.001806211719554196
impr_article_impr_pub_hour_imprs_rank,0.0017165782206465252
impr_hour_article_cnt,0.001533268382344577
category,0.0014999496924569256
article_pv_median,0.0014390312349255585
num_publish_hour_42,0.0013390077558097513
user_id_impression_id_impression_day_hour_article_inview_num_mean_mean_diff,0.0013160619675214313
session_article_impr_time_diff,0.0011818734835868372
mod_read_time,0.001126351288950611
impression_day_hour_publish_48hour_article_inview_num_mean,0.0009473514021043905
device_type,0.0008219825037636408
total_avg_time_mean_impr_diff,0.0007958356339884953
article_hour_cnt_with_ctr,0.0007678255347378093
session_article_impr_time_rank,0.0006094378784375354
read_time_fixed_std,0.0005946939005620488
user_id_impression_id_article_publish_48hour_article_inview_num_mean_rank_reverse,0.0005854236368854071
scroll_percentage,0.0005835413569807435
subcate_str,0.0005766430089523822
impression_ctr_mean_impr_diff,0.0005607202379088183
session_article_impr_time_rank_reverse,0.0005552108340413642
num_publish_hour_22,0.0005242245478566665
read_time,0.0005203020804004366
num_publish_hour_36,0.000492836896480775
num_publish_hour_25,0.00043478970178539855
impression_day_article_inview_num_mean,0.0004133557646410213
impression_day_article_inview_num_std,0.000404363561777088
day_hour_article_read_time_mean,0.0003983921902086518
user_id_impression_id_impression_day_hour_article_inview_num_mean_mean,0.00038923240388250013
user_id_impression_id_w2v_each_cosine_mean_diff,0.00038030132156058327
impr_article_bpr_rank,0.0003798375944186194
subcate_emb_sim_his_mean_item_euclidean_list,0.00037035005311897295
distance_publish_seconds_mean_impr,0.0003701846341077619
num_publish_hour_23,0.00036970781071254954
num_publish_hour_45,0.0003616962041527727
impression_day_hour_article_inview_num_skew,0.0003554330859656396
article_impr_hour_inview_mean,0.00034004010328836376
total_read_time,0.00033866821349026743
user_article_impr_time_rank,0.00030045014168655904
first_sub_category,0.0002705997644874558
num_publish_hour_17,0.0002704025018444023
num_publish_hour_47,0.0002673828058011307
publish_48hour_article_inview_num_skew,0.00026392686483522887
publish_48hour_device_type_article_inview_num_std,0.0002577417901370449
impr_hour_article_cnt_mean_impr_diff,0.0002317489346907453
num_publish_hour_43,0.00023075343567258155
num_publish_hour_21,0.00022917301947555924
impr_article_impr_pub_interval_rank,0.0002259418777311173
bpr,0.00021814448562296196
session_ctr_mean_diff,0.0002167256194345879
article_user_freq,0.00021032354083383442
user_inreviws_mean_std,0.00020981309098039302
sentiment_score,0.0002032178323121414
document_vector9,0.00019734575219870765
user_inview_item_all_mean_sim_list,0.00018253888771907478
impression_day_hour_device_type_article_inview_num_max,0.0001736667434729111
user_distance_publish_hours_skew,0.00017218370410904127
impression_distance_publish_seconds_mean_impr_diff,0.00016673445924270114
document_vector3,0.00016434718215951882
num_publish_hour_46,0.00014049550809763778
body_inview_item_all_mean_sim_list,0.0001402773581360428
distance_published_hour_cos,0.0001373317816207864
impr_category_ratio,0.00013693100165929062
impression_day_hour_device_type_article_inview_num_median,0.00013436108103220823
impression_day_hour_article_inview_num_median,0.00013302524317237996
impression_day_hour_device_type_article_inview_num_skew,0.00013155072147230662
article_pv_std,0.00012733017902710753
impression_day_hour_publish_48hour_article_inview_num_std,0.00012725954145387242
publish_48hour_article_scroll_percentage_mean,0.00011992507135133446
document_vector8,0.00011728597347920866
user_ctr_mean,0.0001165581273099292
day_hour_article_scroll_percentage_std,0.00011160137555854543
num_publish_hour_26,0.00010560328574216182
impression_impr_hour_article_cnt_mean_impr_diff,9.574396661499174e-05
num_publish_hour_29,9.498792000001144e-05
total_inviews_mean_impr,9.208420069561907e-05
images_each_euclidean,8.886550610326394e-05
history_time_diff_mean,8.880684513418169e-05
subcate_emb_sim_his_mean_item_sim_list,8.865833435994785e-05
next_read_time_sort,8.750818957797835e-05
hist_category_length,8.470609634358972e-05
cate_emb_sim_his_mean_item_sim_list,8.308717752819605e-05
session_id_articles_len_last,8.266601698664333e-05
user_article_impr_time_rank_reverse,7.943873027965731e-05
body_spelling_errors,7.872961659594058e-05
publish_48hour_article_read_time_mean,7.870172447888013e-05
user_id_impression_id_article_impression_day_hour_article_inview_num_mean_rank,7.86650236910269e-05
imp_day,7.592754588775508e-05
read_time_last_fix,7.284710420124574e-05
impression_day_hour_article_inview_num_mean,7.265575820247783e-05
is_subscriber,7.19237024632835e-05
is_sso_user,6.973819199634912e-05
user_ctr_std,6.846747476940696e-05
article_read_time_mean,6.704562273568415e-05
title_inview_item_all_mean_sim_list,6.614855252701224e-05
his_cate_cnt,6.200122157373755e-05
ctr_mean,6.084738473421947e-05
cate_emb_sim_his_mean_item_euclidean_list,6.023083484085756e-05
user_distance_publish_hours_std,6.020025992831135e-05
user_distance_publish_hours_mean,5.997134651025693e-05
article_imprs_user,5.986977790084502e-05
article_scroll_percentage_mean,5.9673887647049284e-05
body_ts_sentence_counts,5.844818406797181e-05
num_publish_hour_11,5.7853965255094675e-05
impr_category_cnt_new,5.6471075413233596e-05
user_impression_freq,5.547395323912685e-05
user_id_impression_id_article_total_read_time_rank_reverse,5.5469987105705165e-05
impr_article_ctr_rank_reverse,5.473904435843169e-05
published_weekday_cos,5.320453380280865e-05
article_pv_mean,5.0978211207530766e-05
article_hour_nunique,4.8509239190419606e-05
cl_history_skew,4.7401125083113005e-05
history_time_diff_std,4.720685577291883e-05
user_impression_cnt,4.532293618314531e-05
num_publish_hour_0,4.451081427969683e-05
num_publish_hour_24,4.373383038780432e-05
body_his_mean_skew,4.192254281465413e-05
session_category_cnt,4.08974482710156e-05
total_inviews_right,3.868820753538671e-05
cate_emb_sim_inreviws_mean_kurt,3.6920043165078464e-05
topic_inview_item_all_mean_sim_list,3.680835063757382e-05
user_id_impression_id_article_hour_cnt_with_ctr_mean_diff,3.607404743460885e-05
num_publish_hour_33,3.585842489639557e-05
session_id_read_time_last,3.497149645187436e-05
topic_his_mean_kurt,3.4597042631645536e-05
contrastive_vector9,3.449198845012491e-05
category_freq_fix,3.431445224016949e-05
history_scroll_percentage_std,3.184341817813463e-05
impr_category_cnt,3.0137818689879303e-05
cl_history_std,2.9960653181337893e-05
user_id_impression_id_article_article_hour_cnt_with_ctr_rank_reverse,2.9766154546362333e-05
num_publish_hour_13,2.8715543032686863e-05
distance_published_hour_cos_mean,2.8055378893110383e-05
article_freq_fix,2.6357910422436515e-05
publish_48hour_article_inview_num_min,2.6318686591308982e-05
publish_48hour_article_read_time_std,2.5097146543695548e-05
total_pageviews_mean_impr,2.4533711404484126e-05
title_inreviws_mean_kurt,2.4313249512020185e-05
w2v_history_std,2.4272804012570592e-05
category_inview_num_std,2.3705414634034305e-05
article_inviews_len_mean,2.3273183158423194e-05
cate_emb_sim_inreviws_mean_std,2.3234988107079246e-05
impression_day_hour_article_inview_num_max,2.3023451934389705e-05
user_w2v_each_cosine_mean,2.2460581297900628e-05
category_hist_click_num,2.2095491125417865e-05
num_publish_hour_38,2.1751999904118247e-05
body_his_mean_std,2.1739276141685693e-05
topic_inreviws_mean_std,2.0546278369282245e-05
impression_day_hour_device_type_article_inview_num_min,2.0436628938302892e-05
day_hour_article_read_time_std,1.91463046771978e-05
history_read_time_mean,1.751484439965756e-05
cumsum_publish_hour_10,1.741883739686534e-05
cumsum_publish_hour_3,1.701325640285356e-05
cate_emb_sim_his_mean_kurt,1.575219141358719e-05
w2v_inview_std,1.5628603970863075e-05
history_scroll_percentage_skew,1.549125262023665e-05
article_type,1.5275609718645722e-05
session_total_pageviews_mean_diff,1.5180330936226394e-05
num_publish_hour_10,1.4359850207423808e-05
user_impression_freq_last_fix,1.3949107474819922e-05
cate_emb_sim_his_mean_skew,1.2796103931012048e-05
ctr_mean_impr,1.2693627050308631e-05
history_article_id_nunique,1.2401569269793189e-05
total_pageviews,1.2364502281536627e-05
num_publish_hour_3,1.0858563206261884e-05
subcate_emb_sim_inview_item_all_mean_sim_list,1.057697130324442e-05
body_difficult_words,1.0283326492166456e-05
impr_inview_cnt,9.693130999022248e-06
num_publish_hour_20,8.795202591893592e-06
user_w2v_each_cosine_skew,8.743032432756426e-06
article_read_time_std,8.727422206589175e-06
topic_his_mean_skew,8.239335638704492e-06
user_id_impression_id_total_read_time_mean,8.014976921821848e-06
contrastive_vector10,7.417787586005975e-06
impr_first_sub_category_cnt,7.161702896163469e-06
num_publish_hour_9,6.616548185955917e-06
user_id_impression_id_his_subcate_cnt_mean,6.572346164357423e-06
article_pv_diff_skew,6.1861191840706375e-06
impression_hour_article_inview_num_mean,6.10371682507882e-06
images_history_std,5.872913896975973e-06
article_scroll_percentage_std,5.6087344670330275e-06
impression_day_hour_article_inview_num_max_min,5.024885442239668e-06
subcate_emb_sim_his_mean_skew,4.3178890912765056e-06
cumsum_publish_hour_9,3.553680281709326e-06
body_flesch_kincaid_grade,1.9129864755607073e-06
total_inviews_mean,1.3554218382672012e-06
user_inreviws_mean_kurt,8.738376933714598e-07
user_id_impression_id_total_read_time_mean_diff,8.55169242641729e-07
user_id_impression_id_article_hour_cnt_with_ctr_mean,8.042504181515753e-07
impr_article_total_pageviews_rank,7.54186733731288e-07
article_inview_num_mean,1.6531760083093872e-07
session_id_impression_time_next,4.417363813624675e-08
impr_article_total_pageviews_rank_reverse,0.0
publish_48hour_article_inview_num_max,0.0
impression_day_hour_article_inview_num_min,0.0
user_impr_category_ratio_std,0.0
user_id_impression_id_cl_each_cosine_mean,0.0
user_id_impression_id_article_publish_48hour_article_inview_num_mean_rank,0.0
user_id_impression_id_article_his_subcate_cnt_rank_reverse,0.0
user_id_impression_id_w2v_each_cosine_mean,0.0
impr_article_total_inviews_rank,0.0
read_time_fixed_sum,-1.0421426777096343e-07
impr_hour_article_cnt_mean_impr,-3.57137867890156e-07
user_id_impression_id_article_total_read_time_rank,-5.660306443000529e-07
cumsum_publish_hour_12,-7.974590228165823e-07
topic_inreviws_mean_skew,-1.1175279439057384e-06
num_publish_hour_19,-1.1549994817228182e-06
imporession_hour_cos,-2.1013156938365363e-06
title_inreviws_mean_skew,-2.5508721807621093e-06
impr_article_total_inviews_rank_right,-3.2661125882738062e-06
session_id_articles_len_next,-3.4073360933861707e-06
title_spelling_errors,-3.6161226583675266e-06
num_publish_hour_35,-3.820471959681271e-06
impression_hour,-4.4676797830156545e-06
cumsum_publish_hour_6,-4.560849785228971e-06
cl_inview_kurt,-5.289376281580882e-06
impression_hour_article_inview_num_std,-5.75067052455136e-06
bert_each_euclidean,-6.0655349664040514e-06
imporession_hour_sin,-6.572690178896501e-06
article_pv_max,-6.8897486941721375e-06
article_id_day_count,-8.085366100252234e-06
user_id_impression_id_article_w2v_each_cosine_rank_reverse,-8.357440861306298e-06
publish_48hour_article_scroll_percentage_std,-8.697841109683857e-06
num_publish_hour_31,-9.325216393019087e-06
contrastive_vector1,-1.2083393835349288e-05
user_id_impression_id_article_his_subcate_cnt_rank,-1.4965050225967946e-05
device_type_article_inview_num_std,-1.9223996991224457e-05
article_pv_diff_sum,-1.9289381906539838e-05
num_publish_hour_2,-1.9789684898019466e-05
cumsum_publish_hour_24,-1.9877768989262634e-05
num_publish_hour_28,-2.184849709940817e-05
cumsum_publish_hour_8,-2.208475446158209e-05
impr_article_impr_pub_interval_rank_reverse,-2.234976501030994e-05
article_inview_num_std,-2.29250205858178e-05
user_total_inviews_mean,-2.6157390793479784e-05
user_id_impression_id_his_subcate_cnt_mean_diff,-2.659786624031879e-05
num_publish_hour_32,-2.740242577914387e-05
next_exp_diff,-3.058292559643405e-05
publish_48hour_article_inview_num_mean,-3.234723344058832e-05
user_id_impression_id_article_cl_each_cosine_rank_reverse,-3.2819181781829077e-05
cl_each_euclidean,-3.478484138208504e-05
num_publish_hour_1,-3.552362969422296e-05
distance_published_hour_cos_mean_impr,-3.580027587868351e-05
body_dale_chall_readability_score_v2,-3.6049865221821076e-05
impression_total_pageviews_mean_impr_diff,-3.6475265538404855e-05
user_impr_category_num_std,-3.676409939967762e-05
impression_day_hour_device_type_article_inview_num_mean,-3.8660600036044546e-05
user_id_impression_id_article_cl_each_cosine_rank,-3.959697655903094e-05
user_id_impression_id_article_w2v_each_cosine_rank,-4.378593165266231e-05
bert_each_cosine,-4.411109755114717e-05
body_text_standard,-4.4232822737300115e-05
body_difficult_words_ratio,-4.974871708196549e-05
user_id_impression_id_cl_each_cosine_mean_diff,-5.111977976784976e-05
num_publish_hour_44,-5.380792907166976e-05
num_publish_hour_30,-5.469741227703828e-05
article_inviews_len_std,-5.9898280438230866e-05
category_inview_num_mean,-6.076343725530675e-05
user_id_impression_id_article_article_hour_cnt_with_ctr_rank,-6.165329816065768e-05
num_publish_hour_16,-6.228724131385199e-05
body_dale_chall_readability_score,-6.665050823140284e-05
bert_roberta_cosine_similarity,-6.88054418811479e-05
body_avg_char_per_word,-6.919571639013578e-05
category_hist_click_scroll_percentage_mean_ratio,-7.143809124410261e-05
num_publish_hour_39,-7.311452122560347e-05
num_publish_hour_40,-8.035027520936211e-05
total_inviews_mean_impr_diff,-8.121222873264111e-05
impr_article_impr_hour_article_cnt_rank_reverse,-9.22128082590512e-05
device_type_article_inview_num_mean,-0.00010849820649733166
article_pv_min,-0.0001226686840630764
images_each_cosine,-0.00012673215439490404
pulish_3day,-0.00015277093919779938
distance_publish_days,-0.00017045644006924432
impr_article_distance_published_hour_cos_rank,-0.00019017108151064832
impr_pub_hour_imprs_mean_impr,-0.00019106942731927923
num_publish_hour_34,-0.0002242316060105387
w2v_each_euclidean,-0.00022549763350621088
user_id_impression_id_publish_48hour_article_inview_num_mean_mean,-0.0002371056523680637
cl_each_cosine,-0.0002596366838684139
his_subcate_cnt,-0.00028044627929463273
subcate_emb_sim_inreviws_mean_std,-0.0003124582065721082
category_hist_click_read_time_sum_ratio,-0.00031853180068097675
total_inviews,-0.00032341831520588116
impr_pub_hour_imprs_diff,-0.00034164545572462623
w2v_each_cosine,-0.0003470037749685462
article_ids_inview,-0.0003570345390125351
category_hist_click_num_ratio,-0.0004963933596665582
distance_published_hour_sin,-0.0005233841990708865
user_id_impression_id_publish_48hour_article_inview_num_mean_mean_diff,-0.0006882069500200871
impr_pub_hour_imprs_mean_impr_diff,-0.0010901940882280803
impr_pub_hour_imprs,-0.0012880099621427887
distance_publish_seconds,-0.0014727793929966704
impr_article_impr_pub_hour_imprs_rank_reverse,-0.0017487607805407035
distance_publish_minutes,-0.002143021697796177
publish_48hour,-0.0021530456128574516
